slug,title,title_len,meta,meta_len
"age-calculator","Free Age Calculator – Years Months Days | ToolBoxy",50,"Calculate exact age in years, months and days from any birth date. Free private age calculator in your browser—no signup. Get accurate age results now.",151
"area-converter","Free Area Converter – m² Acres Hectares | ToolBoxy",50,"Convert square meters, acres, hectares and square feet instantly. Free accurate area unit converter online. Switch land and floor units in one click—try free.",158
"average-calculator","Free Average Calculator – Mean Median Mode | ToolBoxy",53,"Calculate mean, median, mode and range from any number list. Free average calculator online with instant stats—no account needed. Analyze numbers quickly today.",160
"barcode-generator","Free Barcode Generator – CODE128 EAN UPC | ToolBoxy",51,"Create CODE128, EAN and UPC barcodes online and download images free. No signup barcode generator for products and labels. Generate professional barcodes now.",158
"base64-decoder","Free Base64 Decoder – Decode Text Online | ToolBoxy",51,"Decode Base64 strings to readable text instantly in your browser. Free private Base64 decoder—no server upload. Paste encoded data and decode in one step.",154
"base64-encoder","Free Base64 Encoder – Encode Text Online | ToolBoxy",51,"Encode any text to Base64 for tokens, data URLs and APIs. Free Base64 encoder that runs locally in your browser. Convert strings securely—encode text now.",154
"bmi-calculator","Free BMI Calculator – Body Mass Index Online | ToolBoxy",55,"Check body mass index from height and weight with clear categories. Free BMI calculator online—private and instant. Understand BMI results and calculate now.",157
"case-converter","Free Case Converter – Upper Lower Title Case | ToolBoxy",55,"Convert text to UPPERCASE, lowercase, Title Case, camelCase and snake_case. Free online case converter for writers and developers. Change text case in seconds.",159
"character-counter","Free Character Counter – Words Lines Bytes | ToolBoxy",53,"Count characters, words, lines and bytes live as you type or paste. Free character counter for forms, tweets and essays—no signup. Check text length now.",153
"color-picker","Free Color Picker – HEX RGB HSL Converter | ToolBoxy",52,"Pick colors and convert between HEX, RGB and HSL for design work. Free online color picker with copy-ready codes. Choose brand colors accurately—try free.",154
"compound-interest-calculator","Free Compound Interest Calculator Online | ToolBoxy",51,"Project compound interest growth using principal, rate and time period. Free compound interest calculator with clear totals. Plan savings and investments today.",160
"css-formatter","Free CSS Formatter – Beautify CSS Online | ToolBoxy",51,"Beautify messy CSS with clean indentation and pretty print formatting. Free CSS formatter runs in your browser. Tidy stylesheets before deploy—format CSS now.",158
"css-minifier","Free CSS Minifier – Compress CSS Online | ToolBoxy",50,"Minify CSS to cut file size and improve page load speed. Free online CSS minifier without uploading secrets. Optimize production styles—compress CSS today.",155
"csv-to-json","Free CSV to JSON Converter – Online Tool | ToolBoxy",51,"Convert CSV spreadsheets to JSON for APIs and apps instantly. Free private CSV to JSON converter in your browser. Transform tabular data—convert CSV now.",153
"data-storage-converter","Free Data Storage Converter – KB MB GB TB | ToolBoxy",52,"Convert bits, bytes, kilobytes, megabytes, gigabytes and terabytes accurately. Free data storage unit converter online. Size disks and downloads—convert now.",157
"date-difference","Free Date Difference Calculator – Days Between | ToolBoxy",57,"Find exact days, months and years between two calendar dates. Free date difference calculator with instant results. Plan deadlines and ages—compare dates now.",158
"discount-calculator","Free Discount Calculator – Sale Price Online | ToolBoxy",55,"Calculate final sale price and money saved from any discount percent. Free discount calculator for shopping. Know the real cost—check sale price now.",149
"emi-calculator","Free EMI Calculator – Monthly Loan Payment | ToolBoxy",53,"Calculate monthly EMI for home, car and personal loans with standard formula. Free EMI calculator online—no signup. Plan affordable payments before you borrow.",159
"heic-to-jpg","Free HEIC to JPG Converter – iPhone Photos | ToolBoxy",53,"Convert HEIC iPhone photos to JPG for sharing and editing everywhere. Free HEIC to JPG converter in your browser. Keep quality private—convert photos now.",154
"html-formatter","Free HTML Formatter – Beautify HTML Online | ToolBoxy",53,"Beautify HTML markup with consistent indentation and readable structure. Free HTML formatter in your browser. Clean templates before publish—format HTML now.",157
"html-minifier","Free HTML Minifier – Compress HTML Online | ToolBoxy",52,"Minify HTML to reduce page weight and speed up delivery. Free HTML minifier runs locally in your browser. Optimize markup for production—compress HTML now.",155
"html-to-markdown","Free HTML to Markdown Converter Online | ToolBoxy",49,"Convert HTML content to clean Markdown for docs and blogs. Free HTML to Markdown converter in your browser. Migrate content faster—convert markup to MD now.",156
"image-compressor","Free Image Compressor – Shrink Without Loss | ToolBoxy",54,"Compress JPG, PNG and WebP images without visible quality loss. Free browser image compressor—files stay private. Reduce size for web and email—compress now.",157
"image-cropper","Free Image Cropper – Crop Photos Online | ToolBoxy",50,"Crop images to any region or aspect ratio in your browser. Free private image cropper with instant download. Prepare thumbnails and profiles—crop images now.",157
"image-metadata-remover","Free Image Metadata Remover – Strip EXIF | ToolBoxy",51,"Remove EXIF GPS and camera metadata from photos before sharing. Free image metadata remover for privacy. Clean files in your browser—strip metadata now.",152
"image-resizer","Free Image Resizer – Resize to Any Size | ToolBoxy",50,"Resize images to exact pixel width and height online free. Keep aspect ratio or set custom size. Fast private image resizer—resize and download in seconds.",155
"image-resolution-changer","Free Image Resolution Changer – DPI Online | ToolBoxy",53,"Change image resolution and dimensions for print or web use. Free resolution changer in your browser. Adjust files quickly—update image resolution now.",151
"image-to-base64","Free Image to Base64 Converter – Data URL | ToolBoxy",52,"Convert images to Base64 strings for CSS and HTML embeds. Free image to Base64 tool—private processing. Encode assets for inline use—convert images now.",152
"image-to-pdf","Free Image to PDF Converter – Photos to PDF | ToolBoxy",54,"Combine images into a single PDF document in your browser. Free image to PDF converter—no account. Create shareable PDFs from photos—convert images now.",152
"jpg-to-pdf","Free JPG to PDF Converter – Images to PDF | ToolBoxy",52,"Convert JPG photos into PDF files online free. Private JPG to PDF converter in your browser. Build documents from images—create PDF from JPG now.",145
"jpg-to-png","Free JPG to PNG Converter – Online Tool | ToolBoxy",50,"Convert JPG images to PNG when you need lossless quality. Free JPG to PNG converter in your browser. Change formats quickly—convert photos to PNG now.",150
"jpg-to-webp","Free JPG to WebP Converter – Smaller Files | ToolBoxy",53,"Convert JPG to WebP for faster websites and smaller uploads. Free JPG to WebP converter online. Optimize images for modern browsers—convert to WebP now.",152
"js-formatter","Free JavaScript Formatter – Beautify JS | ToolBoxy",50,"Beautify JavaScript with pretty print and clear indentation. Free JS formatter online for debugging. Make scripts readable—format JavaScript code now.",150
"js-minifier","Free JavaScript Minifier – Compress JS Code | ToolBoxy",54,"Minify JavaScript to shrink bundles and improve load time. Free JS minifier in your browser. Prepare production scripts—compress JavaScript today.",146
"json-formatter","Free JSON Formatter – Beautify and Validate | ToolBoxy",54,"Format, beautify and validate JSON with clear errors. Free JSON formatter and pretty printer in your browser. Debug APIs faster—format JSON now.",144
"json-to-csv","Free JSON to CSV Converter – Export Data | ToolBoxy",51,"Convert JSON arrays to CSV for Excel and Google Sheets. Free JSON to CSV converter in your browser. Export structured data—turn JSON into CSV now.",146
"json-to-yaml","Free JSON to YAML Converter – Config Files | ToolBoxy",53,"Convert JSON to YAML for Kubernetes and app configs. Free JSON to YAML converter—private. Transform configuration files quickly—convert JSON to YAML now.",153
"json-validator","Free JSON Validator – Check Syntax Online | ToolBoxy",52,"Validate JSON syntax and locate errors before you deploy. Free JSON validator in your browser. Catch broken payloads early—validate JSON structure now.",151
"jwt-decoder","Free JWT Decoder – Inspect Tokens Online | ToolBoxy",51,"Decode JWT header and payload to inspect claims safely. Free JWT decoder runs locally in your browser. Debug auth tokens—decode JWT contents now.",145
"length-converter","Free Length Converter – Meters Feet Inches | ToolBoxy",53,"Convert meters, feet, inches, kilometers and miles accurately. Free length unit converter online. Everyday measurements made easy—convert length units now.",155
"lorem-ipsum-generator","Free Lorem Ipsum Generator – Placeholder Text | ToolBoxy",56,"Generate lorem ipsum placeholder text for mockups and layouts. Free lorem generator with paragraphs or words. Fill design drafts—create text now.",145
"markdown-to-html","Free Markdown to HTML Converter Online | ToolBoxy",49,"Convert Markdown to HTML for blogs, docs and previews. Free Markdown to HTML converter in your browser. Publish content faster—convert MD to HTML now.",150
"password-generator","Free Password Generator – Strong Random Keys | ToolBoxy",55,"Generate strong random passwords with length and character options. Free local password generator—nothing is uploaded. Secure new accounts—create passwords now.",160
"pdf-compressor","Free PDF Compressor – Reduce PDF File Size | ToolBoxy",53,"Reduce PDF file size for email and uploads in your browser. Free PDF compressor—files stay on your device. Shrink large documents—compress PDF files now.",153
"pdf-merger","Free PDF Merger – Combine Multiple PDFs | ToolBoxy",50,"Merge multiple PDF files into one ordered document free. PDF merger runs entirely in your browser. Combine reports and forms—merge PDFs privately now.",150
"pdf-page-extractor","Free PDF Page Extractor – Save Selected Pages | ToolBoxy",56,"Extract only the PDF pages you need and save a new file. Free PDF page extractor in your browser. Keep relevant pages—extract PDF pages now.",140
"pdf-page-reorder","Free PDF Page Reorder – Rearrange Pages | ToolBoxy",50,"Reorder PDF pages until the sequence is correct. Free PDF page reorder tool—private processing. Fix scrambled documents—rearrange PDF pages now.",144
"pdf-rotate","Free PDF Rotate Tool – Rotate Pages Online | ToolBoxy",53,"Rotate PDF pages by 90, 180 or 270 degrees online free. Fix sideways scans in your browser. Correct orientation—rotate PDF pages and download now.",146
"pdf-splitter","Free PDF Splitter – Split by Page Range | ToolBoxy",50,"Split a PDF by page range or extract specific pages free. PDF splitter runs in your browser. Share only what matters—split large PDFs today.",140
"pdf-to-jpg","Free PDF to JPG Converter – Pages to Images | ToolBoxy",54,"Convert each PDF page into a high-quality JPG image online. Free PDF to JPG converter. Export slides and scans—turn PDF pages into JPG now.",139
"pdf-to-text","Free PDF to Text Extractor – Copy PDF Text | ToolBoxy",53,"Extract readable text from PDF files in your browser. Free PDF to text tool—private and fast. Reuse content without retyping—extract PDF text now.",146
"percentage-calculator","Free Percentage Calculator – Percent of Change | ToolBoxy",57,"Calculate percent of a number, percent change, increase and decrease. Free percentage calculator with instant answers. Solve school and business math—try free.",159
"png-to-jpg","Free PNG to JPG Converter – Smaller Images | ToolBoxy",53,"Convert PNG images to JPG to reduce file size for sharing. Free PNG to JPG converter in your browser. Optimize photos—convert PNG files to JPG now.",147
"png-to-webp","Free PNG to WebP Converter – Web Optimized | ToolBoxy",53,"Convert PNG graphics to WebP for faster websites. Free PNG to WebP converter online. Keep visuals sharp with smaller files—convert PNG to WebP now.",147
"qr-generator","Free QR Code Generator – URL Text Wi-Fi | ToolBoxy",50,"Create QR codes for URLs, text, Wi-Fi, email and contacts free. Download PNG or SVG. Free QR generator in your browser—build scannable codes now.",145
"random-number-generator","Free Random Number Generator – Custom Range | ToolBoxy",54,"Generate random integers between any minimum and maximum. Free random number generator for tests, draws and games. Get fair random numbers online now.",150
"remove-duplicate-lines","Free Remove Duplicate Lines – Clean Lists | ToolBoxy",52,"Remove duplicate lines from lists, logs and pasted text fast. Free dedupe tool in your browser. Clean messy data—delete duplicate lines in one click.",149
"simple-interest-calculator","Free Simple Interest Calculator – Online | ToolBoxy",51,"Calculate simple interest from principal, annual rate and time. Free simple interest calculator with clear totals. Understand loan costs—compute interest now.",158
"slug-generator","Free URL Slug Generator – SEO Friendly Links | ToolBoxy",55,"Create clean SEO-friendly URL slugs from any title or phrase. Free slug generator for blogs and stores. Build readable links—generate URL slug now.",147
"speed-converter","Free Speed Converter – km/h mph m/s Online | ToolBoxy",53,"Convert kilometers per hour, miles per hour and meters per second. Free speed unit converter online. Travel and science units—convert speeds accurately now.",156
"temperature-converter","Free Temperature Converter – Celsius Fahrenheit | ToolBoxy",58,"Convert Celsius, Fahrenheit and Kelvin with accurate formulas. Free temperature converter online. Cooking, weather and science—switch temperature units now.",156
"text-cleaner","Free Text Cleaner – Remove Messy Formatting | ToolBoxy",54,"Clean extra spaces, broken line breaks and messy pasted text. Free text cleaner for writers and editors. Polish content fast—clean up text online now.",150
"text-reverser","Free Text Reverser – Reverse Words or Lines | ToolBoxy",54,"Reverse full text, individual words or line order instantly. Free text reverser for puzzles and tests. Flip strings in your browser—reverse text online now.",156
"text-sorter","Free Text Sorter – Sort Lines A–Z Online | ToolBoxy",51,"Sort lines alphabetically or numerically in ascending or descending order. Free text sorter for lists and data. Organize rows quickly—sort text lines now.",154
"text-to-ascii","Free Text to ASCII Converter – Char Codes | ToolBoxy",52,"Convert each character to its ASCII code for learning and debugging. Free text to ASCII converter online. Inspect character codes—convert text to ASCII now.",156
"time-calculator","Free Time Calculator – Add or Subtract Hours | ToolBoxy",55,"Add or subtract hours and minutes for schedules and timesheets. Free time calculator online. Plan shifts and deadlines—calculate time differences now.",150
"time-converter","Free Time Converter – Seconds Minutes Hours | ToolBoxy",54,"Convert seconds, minutes, hours and days between time units. Free time unit converter online. Media and science durations—convert time values now.",146
"url-decoder","Free URL Decoder – Decode Encoded Strings | ToolBoxy",52,"Decode URL-encoded query strings into readable text online. Free URL decoder in your browser. Fix encoded links and parameters—decode URLs now.",143
"url-encoder","Free URL Encoder – Encode Text for URLs | ToolBoxy",50,"Encode text for safe use in URLs, queries and redirects. Free URL encoder online—private. Prepare shareable links—encode URL parameters now.",140
"utm-builder","Free UTM Builder – Campaign Tracking URLs | ToolBoxy",52,"Build UTM tracking URLs with source, medium and campaign fields. Free UTM builder for marketers. Measure traffic sources—create UTM links now.",142
"uuid-generator","Free UUID Generator – Random UUID v4 Online | ToolBoxy",54,"Generate random UUID v4 identifiers for apps and databases. Free UUID generator—create one or many. Unique IDs in your browser—generate UUID now.",145
"volume-converter","Free Volume Converter – Liters Gallons mL | ToolBoxy",52,"Convert liters, gallons, milliliters and related volume units. Free volume converter online. Cooking and lab measurements—convert volume units now.",147
"webp-to-jpg","Free WebP to JPG Converter – Compatible Photos | ToolBoxy",57,"Convert WebP images to JPG for apps that need classic formats. Free WebP to JPG converter online. Share compatible photos—convert WebP to JPG now.",146
"weight-converter","Free Weight Converter – kg Pounds Ounces | ToolBoxy",51,"Convert kilograms, pounds, ounces and related weight units. Free weight converter online. Kitchen and shipping measurements—convert weight units now.",149
"whitespace-remover","Free Whitespace Remover – Extra Spaces Gone | ToolBoxy",54,"Remove extra spaces and blank lines from messy pasted text. Free whitespace remover online. Tidy documents fast—strip extra whitespace today.",141
"word-counter","Free Word Counter – Count Words Characters | ToolBoxy",53,"Count words, characters, lines and reading time as you type. Free word counter for essays, SEO and social posts. Check limits live—count words online now.",154
"yaml-to-json","Free YAML to JSON Converter – Config to JSON | ToolBoxy",55,"Convert YAML configuration files to JSON for apps and APIs. Free YAML to JSON converter in your browser. Ship configs faster—convert YAML to JSON now.",150