Tool Name,Category,Primary Keyword,Title Tag,Meta Description,H1,Secondary Keywords
Age Calculator,Calculators,age calculator,Free Age Calculator Online – Calculate Exact Age in Years Months Days | ToolBoxy,Calculate your exact age in years, months and days instantly. Free online age calculator – no signup required. Accurate and simple.,Free Age Calculator – Calculate Your Exact Age,"age calculator online, calculate age, age in years months days"
Average Calculator,Calculators,average calculator,Free Average Calculator – Mean Median Mode Online | ToolBoxy,Calculate mean, median, mode and average of numbers instantly. Free online average calculator. Simple and accurate.,Free Average Calculator – Mean Median & More,"mean calculator, median calculator, average of numbers"
BMI Calculator,Calculators,bmi calculator,Free BMI Calculator Online – Check Body Mass Index | ToolBoxy,Calculate your Body Mass Index (BMI) instantly. Free online BMI calculator with health category. No signup needed.,Free BMI Calculator – Check Your Body Mass Index,"bmi calculator online, body mass index calculator"
Compound Interest Calculator,Calculators,compound interest calculator,Free Compound Interest Calculator Online | ToolBoxy,Calculate compound interest growth easily. Free online compound interest calculator with principal, rate and time. Instant results.,Free Compound Interest Calculator,"compound interest formula, interest calculator"
Date Difference Calculator,Calculators,date difference calculator,Free Date Difference Calculator – Days Between Dates | ToolBoxy,Find the exact number of days between two dates. Free online date difference calculator. Simple and accurate.,Free Date Difference Calculator – Days Between Two Dates,"days between dates, date calculator"
Discount Calculator,Calculators,discount calculator,Free Discount Calculator – Sale Price After Discount | ToolBoxy,Calculate the final price after discount instantly. Free online discount calculator. Percentage off made easy.,Free Discount Calculator – Calculate Sale Price,"discount percentage calculator, sale price calculator"
EMI Calculator,Calculators,emi calculator,Free EMI Calculator Online – Loan EMI Calculator | ToolBoxy,Calculate monthly loan EMI instantly. Free online EMI calculator for home, car and personal loans. Accurate results.,Free EMI Calculator – Calculate Monthly Loan EMI,"emi calculator online, home loan emi, loan emi calculator, emi calculator nepal"
Percentage Calculator,Calculators,percentage calculator,Free Percentage Calculator Online – Percent Change | ToolBoxy,Calculate percentages and percent change instantly. Free online percentage calculator. Easy and accurate.,Free Percentage Calculator – Find Percentages & Percent Change,"percentage calculator online, percent of calculator"
Simple Interest Calculator,Calculators,simple interest calculator,Free Simple Interest Calculator Online | ToolBoxy,Calculate simple interest easily. Free online simple interest calculator with principal, rate and time.,Free Simple Interest Calculator,"simple interest formula calculator"
Time Calculator,Calculators,time calculator,Free Time Calculator – Add or Subtract Hours & Minutes | ToolBoxy,Add or subtract hours and minutes easily. Free online time calculator. Perfect for schedules and durations.,Free Time Calculator – Add or Subtract Time,"time duration calculator, hours minutes calculator"
Case Converter,Text Tools,case converter,Free Case Converter Online – Upper Lower Title Case | ToolBoxy,Convert text to uppercase, lowercase, title case or sentence case instantly. Free online case converter. No signup.,Free Case Converter – Change Text Case Instantly,"uppercase converter, lowercase converter, title case converter"
Character Counter,Text Tools,character counter,Free Character Counter Online – Count Characters Lines Bytes | ToolBoxy,Count characters, words, lines and bytes instantly. Free online character counter. Perfect for social media and forms.,Free Character Counter – Count Characters Lines & Bytes,"character count tool, letter counter"
Remove Duplicate Lines,Text Tools,remove duplicate lines,Free Remove Duplicate Lines Online Tool | ToolBoxy,Remove duplicate lines from text instantly. Free online duplicate line remover. Clean your lists easily.,Free Remove Duplicate Lines Tool,"remove duplicates from text, unique lines"
Slug Generator,Text Tools,slug generator,Free URL Slug Generator Online | ToolBoxy,Create clean SEO-friendly URL slugs from any text. Free online slug generator. Instant results.,Free Slug Generator – Create Clean URL Slugs,"url slug generator, seo slug"
Text Cleaner,Text Tools,text cleaner,Free Text Cleaner Online – Clean Messy Text | ToolBoxy,Clean up messy text instantly. Remove extra spaces, line breaks and formatting. Free online text cleaner.,Free Text Cleaner – Clean Up Messy Text,"clean text online, remove extra spaces"
Text Reverser,Text Tools,text reverser,Free Text Reverser Online – Reverse Text Words Lines | ToolBoxy,Reverse text, words or lines instantly. Free online text reverser tool. Fun and useful.,Free Text Reverser – Reverse Text Words or Lines,"reverse text online, backwards text"
Text Sorter,Text Tools,text sorter,Free Text Sorter Online – Sort Lines Alphabetically | ToolBoxy,Sort lines of text alphabetically or numerically. Free online text sorter. Instant and accurate.,Free Text Sorter – Sort Lines Alphabetically or Numerically,"sort text online, alphabetical sorter"
Whitespace Remover,Text Tools,whitespace remover,Free Whitespace Remover Online – Remove Extra Spaces | ToolBoxy,Remove extra spaces and blank lines from text instantly. Free online whitespace remover.,Free Whitespace Remover – Remove Extra Spaces & Blank Lines,"remove extra spaces, trim whitespace"
Word Counter,Text Tools,word counter,Free Word Counter Online – Count Words Characters | ToolBoxy,Count words, characters, sentences and paragraphs instantly. Free online word counter. Perfect for essays and social media.,Free Word Counter – Count Words & Characters Online,"word count tool, character and word counter"
HEIC to JPG Converter,Image Tools,heic to jpg,Free HEIC to JPG Converter Online | ToolBoxy,Convert HEIC photos to JPG instantly. Free online HEIC to JPG converter. No signup, browser-based and private.,Free HEIC to JPG Converter – Convert HEIC Photos to JPG,"heic to jpg converter free, convert heic to jpeg"
Image Compressor,Image Tools,image compressor,Free Image Compressor Online – Compress Without Losing Quality | ToolBoxy,Compress JPG, PNG & WebP images online without losing quality. Free, private browser-based image compressor. No signup.,Free Image Compressor – Compress Images Without Losing Quality,"compress image online free, image size reducer, compress jpg without quality loss"
Image Cropper,Image Tools,image cropper,Free Image Cropper Online – Crop to Exact Pixels | ToolBoxy,Crop images to exact pixel dimensions online. Free image cropper tool. Fast and easy.,Free Image Cropper – Crop Images to Exact Pixels,"crop image online, online image cropper"
Image Metadata Remover,Image Tools,image metadata remover,Free Image Metadata Remover – Strip EXIF Online | ToolBoxy,Remove EXIF and metadata from images instantly. Free online image metadata remover for privacy.,Free Image Metadata Remover – Strip EXIF & Metadata,"remove exif data, strip metadata from image"
Image Resizer,Image Tools,image resizer,Free Image Resizer Online – Resize to Any Size | ToolBoxy,Resize images to any width and height online. Free image resizer. Keep aspect ratio or set exact pixels.,Free Image Resizer – Resize Images to Any Size,"resize image online free, change image size"
Image Resolution Changer,Image Tools,image resolution changer,Free Image Resolution Changer Online | ToolBoxy,Change image pixel dimensions and resolution easily. Free online tool.,Free Image Resolution Changer,"change image resolution, dpi changer"
Image to Base64 Converter,Image Tools,image to base64,Free Image to Base64 Converter Online | ToolBoxy,Convert any image to Base64 data URL instantly. Free online image to Base64 converter.,Free Image to Base64 Converter,"image to base64 online, convert image to base64"
JPG to PNG Converter,Image Tools,jpg to png,Free JPG to PNG Converter Online | ToolBoxy,Convert JPG images to PNG format free. Online JPG to PNG converter. No signup required.,Free JPG to PNG Converter,"convert jpg to png online"
JPG to WebP Converter,Image Tools,jpg to webp,Free JPG to WebP Converter Online | ToolBoxy,Convert JPG to modern WebP format for smaller size. Free online converter.,Free JPG to WebP Converter,"jpg to webp converter free"
PNG to JPG Converter,Image Tools,png to jpg,Free PNG to JPG Converter Online | ToolBoxy,Convert PNG images to JPG format easily. Free online PNG to JPG converter.,Free PNG to JPG Converter,"convert png to jpg online"
PNG to WebP Converter,Image Tools,png to webp,Free PNG to WebP Converter Online | ToolBoxy,Convert PNG to WebP for better compression. Free online tool.,Free PNG to WebP Converter,"png to webp converter"
WebP to JPG Converter,Image Tools,webp to jpg,Free WebP to JPG Converter Online | ToolBoxy,Convert WebP images to JPG format free. Online WebP to JPG converter.,Free WebP to JPG Converter,"webp to jpg converter free"
Base64 Decoder,Developer Tools,base64 decoder,Free Base64 Decoder Online – Decode Base64 to Text | ToolBoxy,Decode Base64 strings to text instantly. Free online Base64 decoder. Simple and accurate.,Free Base64 Decoder – Decode Base64 to Text,"base64 decode online, decode base64"
Base64 Encoder,Developer Tools,base64 encoder,Free Base64 Encoder Online – Encode Text to Base64 | ToolBoxy,Encode text to Base64 instantly. Free online Base64 encoder. No signup needed.,Free Base64 Encoder – Encode Text to Base64,"base64 encode online"
Color Picker & Converter,Developer Tools,color picker,Free Color Picker & Converter – HEX RGB HSL | ToolBoxy,Pick colors and convert between HEX, RGB and HSL. Free online color picker and converter.,Free Color Picker & Converter – HEX RGB HSL,"color converter, hex to rgb"
CSS Formatter,Developer Tools,css formatter,Free CSS Formatter Online – Beautify CSS Code | ToolBoxy,Format and beautify CSS code online. Free CSS formatter and prettifier.,Free CSS Formatter – Format & Preview CSS,"css beautifier, format css"
CSS Minifier,Developer Tools,css minifier,Free CSS Minifier Online – Minify CSS Code | ToolBoxy,Minify CSS code to reduce file size. Free online CSS minifier. Instant results.,Free CSS Minifier – Minify CSS Code,"minify css online"
CSV to JSON Converter,Developer Tools,csv to json,Free CSV to JSON Converter Online | ToolBoxy,Convert CSV data to JSON arrays easily. Free online CSV to JSON converter.,Free CSV to JSON Converter,"csv to json online"
HTML Formatter,Developer Tools,html formatter,Free HTML Formatter Online – Beautify HTML | ToolBoxy,Format and preview HTML code online. Free HTML formatter tool.,Free HTML Formatter – Format & Preview HTML,"html beautifier"
HTML Minifier,Developer Tools,html minifier,Free HTML Minifier Online – Minify HTML Code | ToolBoxy,Minify HTML to reduce size. Free online HTML minifier.,Free HTML Minifier,"minify html online"
HTML to Markdown Converter,Developer Tools,html to markdown,Free HTML to Markdown Converter Online | ToolBoxy,Convert HTML to Markdown easily. Free online converter.,Free HTML to Markdown Converter,"html to md converter"
JavaScript Formatter,Developer Tools,javascript formatter,Free JavaScript Formatter Online – Beautify JS | ToolBoxy,Format and preview JavaScript code. Free JS formatter and beautifier.,Free JavaScript Formatter – Format & Preview JavaScript,"js beautifier, format javascript"
JavaScript Minifier,Developer Tools,javascript minifier,Free JavaScript Minifier Online – Minify JS Code | ToolBoxy,Minify JavaScript code online. Free JS minifier tool.,Free JavaScript Minifier – Minify JavaScript Code,"minify js online"
JSON Formatter,Developer Tools,json formatter,Free JSON Formatter Online – Beautify & Validate JSON | ToolBoxy,Format, beautify and validate JSON online. Free JSON formatter with pretty print. Instant and accurate.,Free JSON Formatter – Format & Beautify JSON Online,"json beautifier, pretty print json, json formatter online"
JSON to CSV Converter,Developer Tools,json to csv,Free JSON to CSV Converter Online | ToolBoxy,Convert JSON data to CSV format easily. Free online JSON to CSV converter.,Free JSON to CSV Converter,"json to csv online"
JSON to YAML Converter,Developer Tools,json to yaml,Free JSON to YAML Converter Online | ToolBoxy,Convert JSON to YAML instantly. Free online converter.,Free JSON to YAML Converter,"json to yaml online"
JSON Validator,Developer Tools,json validator,Free JSON Validator Online – Check if JSON is Valid | ToolBoxy,Validate JSON and check for errors instantly. Free online JSON validator.,Free JSON Validator – Check if JSON is Valid,"validate json online, json checker"
JWT Decoder,Developer Tools,jwt decoder,Free JWT Decoder Online – Decode JWT Tokens | ToolBoxy,Decode JWT tokens and view header & payload. Free online JWT decoder. Secure and private.,Free JWT Decoder – Decode JWT Tokens,"jwt decode online, decode jwt"
Markdown to HTML Converter,Developer Tools,markdown to html,Free Markdown to HTML Converter Online | ToolBoxy,Convert Markdown to HTML instantly. Free online Markdown to HTML converter.,Free Markdown to HTML Converter,"md to html converter"
Text to ASCII Converter,Developer Tools,text to ascii,Free Text to ASCII Converter Online | ToolBoxy,Convert text to ASCII codes easily. Free online tool.,Free Text to ASCII Converter,"text to ascii online"
URL Decoder,Developer Tools,url decoder,Free URL Decoder Online – Decode Percent-Encoded URLs | ToolBoxy,Decode percent-encoded URLs and text. Free online URL decoder.,Free URL Decoder – Decode Percent-Encoded URLs,"url decode online"
URL Encoder,Developer Tools,url encoder,Free URL Encoder Online – Percent-Encode URLs | ToolBoxy,Percent-encode URLs and text instantly. Free online URL encoder.,Free URL Encoder – Percent-Encode URLs and Text,"url encode online"
UTM URL Builder,Developer Tools,utm builder,Free UTM URL Builder – Create Campaign URLs | ToolBoxy,Build campaign URLs with UTM parameters easily. Free online UTM URL builder.,Free UTM URL Builder – Build Campaign URLs with UTM,"utm generator, campaign url builder"
UUID Generator,Developer Tools,uuid generator,Free UUID Generator Online – Generate UUID v4 | ToolBoxy,Generate random UUID v4 values instantly. Free online UUID generator.,Free UUID Generator – Generate Random UUID v4,"uuid generator online, generate uuid"
YAML to JSON Converter,Developer Tools,yaml to json,Free YAML to JSON Converter Online | ToolBoxy,Convert YAML to JSON easily. Free online converter.,Free YAML to JSON Converter,"yaml to json online"
Area Converter,Converters,area converter,Free Area Converter Online – Convert Area Units | ToolBoxy,Convert between square meters, acres, hectares and more. Free online area converter.,Free Area Converter – Convert Between Area Units,"sqm to acre, area unit converter"
Data Storage Converter,Converters,data storage converter,Free Data Storage Converter – Bits Bytes MB GB TB | ToolBoxy,Convert between bits, bytes, KB, MB, GB and TB. Free online data storage converter.,Free Data Storage Converter – Bits Bytes MB GB TB,"mb to gb converter, data unit converter"
Length Converter,Converters,length converter,Free Length Converter Online – Convert Length Units | ToolBoxy,Convert meters, feet, inches, km and more. Free online length converter.,Free Length Converter – Convert Between Length Units,"meters to feet, length unit converter"
Speed Converter,Converters,speed converter,Free Speed Converter Online – Convert Speed Units | ToolBoxy,Convert km/h, mph, m/s and more. Free online speed converter.,Free Speed Converter – Convert Between Speed Units,"kmh to mph, speed unit converter"
Temperature Converter,Converters,temperature converter,Free Temperature Converter – Celsius Fahrenheit Kelvin | ToolBoxy,Convert Celsius, Fahrenheit and Kelvin instantly. Free online temperature converter.,Free Temperature Converter – Celsius Fahrenheit Kelvin,"celsius to fahrenheit, temperature converter online"
Time Converter,Converters,time converter,Free Time Converter Online – Convert Time Units | ToolBoxy,Convert seconds, minutes, hours, days and more. Free online time converter.,Free Time Converter – Convert Between Time Units,"seconds to hours, time unit converter"
Volume Converter,Converters,volume converter,Free Volume Converter Online – Convert Volume Units | ToolBoxy,Convert liters, gallons, cubic meters and more. Free online volume converter.,Free Volume Converter – Convert Between Volume Units,"liters to gallons, volume unit converter"
Weight Converter,Converters,weight converter,Free Weight Converter Online – Convert Weight Units | ToolBoxy,Convert kg, pounds, ounces and more. Free online weight converter.,Free Weight Converter – Convert Between Weight Units,"kg to lbs, weight unit converter"
Barcode Generator,Generators,barcode generator,Free Barcode Generator Online – CODE128 EAN UPC | ToolBoxy,Create CODE128, EAN and UPC barcodes free. Online barcode generator. Instant download.,Free Barcode Generator – Create CODE128 EAN UPC Barcodes,"barcode generator free, create barcode online"
Lorem Ipsum Generator,Generators,lorem ipsum generator,Free Lorem Ipsum Generator Online | ToolBoxy,Generate placeholder lorem ipsum text instantly. Free online lorem ipsum generator.,Free Lorem Ipsum Generator – Generate Placeholder Text,"lorem ipsum generator free"
Password Generator,Generators,password generator,Free Password Generator Online – Strong Random Passwords | ToolBoxy,Generate strong random passwords instantly. Free online password generator. Customizable length and characters.,Free Password Generator – Generate Strong Random Passwords,"strong password generator, random password generator"
QR Generator,Generators,qr code generator,Free QR Code Generator Online – Create QR Codes | ToolBoxy,Create free QR codes for text, URLs, contacts and more. Free online QR code generator. Instant and customizable.,Free QR Generator – Create Free QR Codes for Text URLs Contacts,"qr code generator free, create qr code online"
Random Number Generator,Generators,random number generator,Free Random Number Generator Online | ToolBoxy,Generate random numbers in any range. Free online random number generator.,Free Random Number Generator – Generate Random Numbers in a Range,"random number generator online"
Image to PDF Converter,PDF Tools,image to pdf,Free Image to PDF Converter Online | ToolBoxy,Convert images to PDF instantly. Free online image to PDF converter. Multiple images supported.,Free Image to PDF Converter – Convert Images to PDF,"images to pdf online, convert photo to pdf"
JPG to PDF Converter,PDF Tools,jpg to pdf,Free JPG to PDF Converter Online | ToolBoxy,Convert JPG images to PDF free. Online JPG to PDF converter. Fast and easy.,Free JPG to PDF Converter – Convert JPG Images to PDF,"jpg to pdf converter free"
PDF Compressor,PDF Tools,pdf compressor,Free PDF Compressor Online – Reduce PDF File Size | ToolBoxy,Reduce PDF file size without losing quality. Free online PDF compressor. No signup required.,Free PDF Compressor – Reduce PDF File Size,"compress pdf online free, reduce pdf size"
PDF Merger,PDF Tools,pdf merger,Free PDF Merger Online – Merge Multiple PDFs | ToolBoxy,Merge multiple PDF files into one instantly. Free online PDF merger. No limits, private.,Free PDF Merger – Merge Multiple PDF Files into One,"merge pdf online free, combine pdf"
PDF Page Extractor,PDF Tools,pdf page extractor,Free PDF Page Extractor Online | ToolBoxy,Extract selected pages from PDF easily. Free online PDF page extractor.,Free PDF Page Extractor – Extract Selected PDF Pages,"extract pdf pages, pdf page extractor"
PDF Page Reorder,PDF Tools,pdf page reorder,Free PDF Page Reorder Online Tool | ToolBoxy,Reorder PDF pages easily. Free online PDF page reorder tool.,Free PDF Page Reorder – Reorder PDF Pages,"reorder pdf pages online"
PDF Rotate,PDF Tools,pdf rotate,Free PDF Rotate Online – Rotate PDF Pages | ToolBoxy,Rotate PDF pages left or right. Free online PDF rotator.,Free PDF Rotate – Rotate PDF Pages,"rotate pdf online, pdf page rotator"
PDF Splitter,PDF Tools,pdf splitter,Free PDF Splitter Online – Split or Extract Pages | ToolBoxy,Split PDF or extract pages by range. Free online PDF splitter. Fast and private.,Free PDF Splitter – Split or Extract PDF Pages by Range,"split pdf online free, pdf page splitter"
PDF to JPG Converter,PDF Tools,pdf to jpg,Free PDF to JPG Converter Online | ToolBoxy,Convert PDF pages to JPG images free. Online PDF to JPG converter.,Free PDF to JPG Converter – Convert PDF Pages to JPG,"pdf to jpg converter free, pdf to image"
PDF to Text Extractor,PDF Tools,pdf to text,Free PDF to Text Extractor Online | ToolBoxy,Extract text from PDF files easily. Free online PDF to text converter.,Free PDF to Text Extractor – Extract Text from PDF,"pdf to text online, extract text from pdf"
